"","Site_code","n","n_millet","n_aquatic","%millet","%aqatiuc"
"1","OBD",19,0,1,0,5.26315789473684
"2","RMM",6,0,0,0,0
"3","SHC",20,0,3,0,15
"4","SAS",35,0,4,0,11.4285714285714
"5","MSR",10,4,0,40,0
"6","DPR",32,7,1,21.875,3.125
"7","SDR",7,0,0,0,0
"8","SWR",5,0,0,0,0
"9","JKR",11,1,0,9.09090909090909,0
"10","KCR",8,0,0,0,0
"11","MJR",43,16,5,37.2093023255814,11.6279069767442
"12","NBK",4,0,1,0,25
