,Country,n,median.conc,mean.conc,sd.conc,n_lipid,%interp
1,Japan,123,5.65223385,36.04376858,164.2952426,69,56.09756098
2,Korea,122,10.39,22.92311475,31.29249354,116,95.08196721